rind_Mix,rindMixoos,midMix,midMixoos,bayesPmix,bayesPmixoos,meanBeta1,Mix_beta1_c1,mixEq,zeroInDPM,commonInDPM,rind_DPM,rind_DPMoos,midDPM,midDPMoos,bayesPDPM,bayesPDPMoos,dpm_beta1_c1,dpmEq,rind_K,rind_Koos,kmean_MSE,kmean_MSEoos,meanBetakclust1,kclustIn0,kclustInCommon,ncMix,ncDPM,ncK,N,fractions,variance,interEffect,common,prec,alph,bet
0.25126050420168067,0.2953781512605042,8.736288908581015,11.56139467499417,0.5172413793103448,0.6859070464767616,3.0964458602499145,2.9461919978103746,1,false,true,0.18067226890756302,0.17969187675070028,4.430384976047689,5.10541715522695,0.876311844077961,0.9187906046976512,26.06538023738942,1,0.7379551820728292,0.7621848739495798,2.086857745217656,2.2267926172889925,3.218558254011796,false,true,8,3,10,120,"[0.125, 0.125, 0.125, 0.125, 0.125, 0.125, 0.125, 0.125]",1.0,2.0,3.0,0.01,1.0,0.1
0.22815126050420168,0.27324929971988793,7.979633658162001,8.6469241191059,0.5357321339330334,0.6764117941029486,2.9364045772888745,2.923389084952042,1,true,true,0.14285714285714285,0.14285714285714285,4.2675202326536805,4.741845666813234,0.8658170914542729,0.9020489755122438,-5.239290957078111,1,0.7925770308123249,0.800140056022409,2.213063818714136,2.1707580459481584,2.962957045773451,false,true,6,2,10,120,"[0.125, 0.125, 0.125, 0.125, 0.125, 0.125, 0.125, 0.125]",1.0,2.0,3.0,0.01,1.0,0.1
0.16876750700280113,0.21554621848739497,8.480409905673444,9.820186714749081,0.5097451274362819,0.4920039980009995,2.617620772159125,2.661724089047349,1,true,true,0.19215686274509805,0.192296918767507,4.311116212922862,5.081123533106706,0.9225387306346826,0.8990504747626187,-271.1201904137841,1,0.7827731092436975,0.7890756302521008,2.2257116697311106,2.3508108960761342,3.4669982207675067,false,true,3,2,10,120,"[0.125, 0.125, 0.125, 0.125, 0.125, 0.125, 0.125, 0.125]",1.0,2.0,3.0,0.01,1.0,0.1
0.14285714285714285,0.20210084033613446,7.659505917964946,9.243012168783936,0.5359820089955023,0.4817591204397801,2.6236452733271873,2.572399454455887,1,true,true,0.14285714285714285,0.1429971988795518,3.9416562950650023,4.744829731697608,0.9042978510744628,0.8853073463268366,357.55204724360624,1,0.8035014005602241,0.7970588235294118,2.1346346298944434,2.4545232237287733,2.467809804849842,false,true,2,2,10,120,"[0.125, 0.125, 0.125, 0.125, 0.125, 0.125, 0.125, 0.125]",1.0,2.0,3.0,0.01,1.0,0.1
