rind_Mix,rindMixoos,midMix,midMixoos,bayesPmix,bayesPmixoos,meanBeta1,Mix_beta1_c1,Mix_beta1_c2,mixEq,rind_DPM,rind_DPMoos,midDPM,midDPMoos,bayesPDPM,bayesPDPMoos,dpm_beta1_c1,dpm_beta1_c2,dpmEq,rind_K,rind_Koos,kmean_MSE,kmean_MSEoos,meanBetakclust1,ncMix,ncDPM,ncK,N,fractions,variance,interEffect,common,prec,alph,bet
0.5204522613065327,0.49879396984924623,6.229855773177685,6.244433738414357,0.5224887556221889,0.5424787606196901,2.656217177260849,2.0054054316320484,3.3222691931234216,1,0.41869346733668344,0.3850753768844221,4.4918147704306595,4.572089071389992,0.9250374812593704,0.9217891054472763,0.31078865384590043,0.6455786551200201,1,0.732462311557789,0.7395477386934673,2.640506733533533,2.533600840080409,3.118198838870756,3,2,6,200,"[0.125, 0.125, 0.125, 0.125, 0.125, 0.125, 0.125, 0.125]",1.0,2.0,3.0,0.1,1.0,1.0
0.5236683417085427,0.5077386934673367,5.973173144041927,6.082598221426635,0.502248875562219,0.49275362318840576,2.6335296064391156,4.40602115179081,1.7703937138365127,1,0.13587939698492463,0.14316582914572865,4.0263676692571995,4.0409634190717885,0.8970514742628686,0.8848075962018991,-24.909454099436477,-25.561452122035128,1,0.7388442211055276,0.7352261306532664,2.4563095853608283,2.2802895900960274,2.296579842301303,4,2,6,200,"[0.125, 0.125, 0.125, 0.125, 0.125, 0.125, 0.125, 0.125]",1.0,2.0,3.0,0.1,1.0,1.0
0.28246231155778895,0.3029145728643216,9.241106400380719,11.696158572904107,0.531984007996002,0.576711644177911,2.6142645860452425,2.9542732112208405,2.9774780638772818,1,0.35839195979899496,0.315929648241206,4.336174848796784,4.2870933438325425,0.9055472263868066,0.9117941029485257,13.976786294877176,24.583327714162262,1,0.7358291457286432,0.735678391959799,2.4324160225601226,2.3549764281352483,3.894329202445434,10,2,6,200,"[0.125, 0.125, 0.125, 0.125, 0.125, 0.125, 0.125, 0.125]",1.0,2.0,3.0,0.1,1.0,1.0
