rind_Mix,rindMixoos,midMix,midMixoos,bayesPmix,bayesPmixoos,meanBeta1,Mix_beta1_c1,mixEq,zeroInDPM,commonInDPM,rind_DPM,rind_DPMoos,midDPM,midDPMoos,bayesPDPM,bayesPDPMoos,dpm_beta1_c1,dpmEq,rind_K,rind_Koos,kmean_MSE,kmean_MSEoos,meanBetakclust1,kclustIn0,kclustInCommon,ncMix,ncDPM,ncK,N,fractions,variance,interEffect,common,prec,alph,bet
0.25126050420168067,0.2746498599439776,7.387056965084562,8.01418381574184,0.4727636181909045,0.6689155422288855,2.9520378382165107,3.613086338564581,1,false,true,0.1303921568627451,0.1303921568627451,4.619850043224443,5.049417311919092,0.879560219890055,0.9150424787606197,-0.4695389464087506,1,0.8053221288515406,0.8057422969187675,2.082055785477109,2.6098978340011527,4.321309444102818,false,false,4,2,10,120,"[0.125, 0.125, 0.125, 0.125, 0.125, 0.125, 0.125, 0.125]",1.0,2.0,3.0,0.1,2.0,0.1
0.42058823529411765,0.49201680672268905,10.77680662558762,11.137120151986005,0.46976511744127936,0.6021989005497251,2.7970020867762284,2.2506928058047735,1,false,true,0.26932773109243696,0.24635854341736696,5.233222756144149,5.424872709859362,0.9022988505747127,0.9105447276361819,13.60580949288026,1,0.7906162464985994,0.761344537815126,2.4413430177014983,2.530325003932568,2.029828157204349,false,true,5,2,10,120,"[0.125, 0.125, 0.125, 0.125, 0.125, 0.125, 0.125, 0.125]",1.0,2.0,3.0,0.1,2.0,0.1
