rind_Mix,rindMixoos,midMix,midMixoos,bayesPmix,bayesPmixoos,meanBeta1,Mix_beta1_c1,Mix_beta1_c2,mixEq,rind_DPM,rind_DPMoos,midDPM,midDPMoos,bayesPDPM,bayesPDPMoos,dpm_beta1_c1,dpm_beta1_c2,dpmEq,rind_K,rind_Koos,kmean_MSE,kmean_MSEoos,meanBetakclust1,ncMix,ncDPM,ncK,N,fractions,variance,interEffect,common,prec,alph,bet
0.5065829145728643,0.5478391959798995,9.363671496439324,9.723869980050209,0.506496751624188,0.5887056471764118,2.503420543661639,4.058460844842246,1.5690860454837763,1,0.20919597989949748,0.2000502512562814,3.973793096388563,4.249996312305896,0.9197901049475262,0.9030484757621189,-4.179810400633975,-4.403977840965976,1,0.7038693467336683,0.71321608040201,2.1587439001173965,2.2969199819640065,2.873581292474156,6,2,6,200,"[0.125, 0.125, 0.125, 0.125, 0.125, 0.125, 0.125, 0.125]",1.0,2.0,3.0,0.1,2.0,1.0
0.4542713567839196,0.45030150753768844,5.594647238608992,8.201847821765604,0.5007496251874063,0.5879560219890054,2.218641179720684,3.243606250465075,1.5292882748311332,1,0.4220603015075377,0.40703517587939697,3.369879559105887,3.733631511386927,0.9192903548225887,0.9237881059470265,-2.5411372413386344,-1.9429282421177323,1,0.717035175879397,0.6898994974874372,2.1239260404591764,2.4070907295781434,2.612460955828457,6,2,6,200,"[0.125, 0.125, 0.125, 0.125, 0.125, 0.125, 0.125, 0.125]",1.0,2.0,3.0,0.1,2.0,1.0
0.5180402010050251,0.5024120603015075,4.924534100140464,5.978188452675258,0.5097451274362819,0.5784607696151924,2.8125218717699525,4.103976986385646,1.6962545743473805,1,0.4478391959798995,0.4385427135678392,3.7077618491380835,4.128479576907906,0.908295852073963,0.9172913543228386,-2.9415804792953697,-1.8149296353727338,1,0.7243718592964824,0.7324120603015075,2.2805035770932784,2.4883094839645357,2.647714072718482,4,2,6,200,"[0.125, 0.125, 0.125, 0.125, 0.125, 0.125, 0.125, 0.125]",1.0,2.0,3.0,0.1,2.0,1.0
0.2534673366834171,0.30728643216080403,8.195773472721536,8.378366930280789,0.5112443778110944,0.4995002498750625,2.788455964426725,3.1562075923632404,0.6195930692954719,1,0.2463819095477387,0.22608040201005025,3.8429830953093673,3.899614851552763,0.9235382308845578,0.894552723638181,-0.7264708682353913,-6.174566774839549,1,0.7215075376884422,0.7197989949748743,2.2866220738846343,2.1404279552231067,1.6857662691143083,13,2,6,200,"[0.125, 0.125, 0.125, 0.125, 0.125, 0.125, 0.125, 0.125]",1.0,2.0,3.0,0.1,2.0,1.0
